{
    "loss": 0.21871449053287506,
    "accuracy": 0.9266666769981384
}